id;fecha;id_instit;nivel;tipo_not;clave;asunto;texto;pie_pagina;usuario;fecha_mod
1;2023-03-22;23816;35346;NOTEXP;action-items Pollo Malasia;Camino;41950;withdrawal Ergonómico;Agente transmitting Inteligente;2023-03-22
2;2023-03-22;60507;62288;NOTEXP;SMTP Metal Tanzanian;deliver;79044;Berkshire;invoice;2023-03-22
3;2023-03-22;46588;15684;CFDI;Programa payment Configuración;Genérico Planificador payment;45442;basado Market;Ensalada Soporte;2023-03-22
4;2023-03-22;28273;83726;CFDI;innovate Extremadura;e-tailers alianza;81549;productividad Investment lateral;Factores;2023-03-22
5;2023-03-22;46074;35586;NOTEXP;Rojo wireless;Nacional;25546;Programa;Savings;2023-03-22
6;2023-03-22;51434;16275;CFDI;Jardines Account Baleares;Navarra;41157;Cuba partnerships;Rojo;2023-03-22
7;2023-03-22;86657;38068;CFDI;toda;Madera incubate Ergonómico;25521;Bedfordshire capacitor Taka;Parafarmacia Fundamental;2023-03-22
8;2023-03-22;20173;25352;NOTEXP;Azerbayán Blanco;Supervisor;11061;Rial;grow Coordinador Amarillo;2023-03-22
9;2023-03-22;8426;82597;NOTEXP;Bosnia overriding;Gourde Arquitecto;74098;Analista Deportes;Barbados acceso de;2023-03-22
10;2023-03-22;2722;48485;CFDI;Seychelles deploy Extremadura;Regional;44967;Hecho flexibilidad Parafarmacia;Principado Avenida;2023-03-22
