id;fecha;id_instit;nivel;tipo_cfdi;clave;envio_con_cfdi;envio_sin_cfdi;aplica_leyenda;leyenda;usuario;fecha_mod
1;2023-03-22;63128;20826;Vía deposit Loan;de;system interactive hack;indexing;Rojo parsing;77282;Peso monitor;2023-03-22
2;2023-03-22;33250;88212;transmitter;Informática;reboot back-end;back-end Gris;HDD firewall Rupee;27783;interactiva back;2023-03-22
3;2023-03-22;69338;25421;Cambridgeshire SMS;Asociado;Marroquinería calculate;cross-platform;redundant;77063;Camiseta Barranco;2023-03-22
4;2023-03-22;35694;7955;Investment CSS 24/7;Savings Ariary Galicia;Blanco;Algodón;Inteligente estatica Hormigon;77429;Negro GB;2023-03-22
5;2023-03-22;55316;65530;Cataluña Valenciana Valenciana;Sorprendente deposit;aprovechar Guapa Gerente;Raton Liberian;efficient Somoni;91010;Ingeniero estatica;2023-03-22
6;2023-03-22;37725;43572;Urbanización Bedfordshire copying;withdrawal Sabroso drive;Account Regional;Práctico;invoice;26744;monetize Vietnam;2023-03-22
7;2023-03-22;88493;20318;emulación Orientado RAM;Zapatos Kenia pixel;Guantes Seguro Progresivo;Azerbayán Sterling;bypassing Blanco;47324;port overriding;2023-03-22
8;2023-03-21;47548;82923;Juguetería;Borders Amarillo;Malasia;scale Barranco;paralelismo bypassing;54426;Zapatos;2023-03-22
9;2023-03-22;49102;3234;withdrawal;Monte reboot;software;Equilibrado;synthesizing;75045;Conjunto Silla Programa;2023-03-22
10;2023-03-22;8582;68605;Datos global;Heredado Diseñador real-time;wireless Granito;port asíncrona Yen;en;11180;mobile impactful neural;2023-03-22
